"","ALL ORGANS","HEART","KIDNEYS","BLADDER","lymphoid hyperplasia"
"1",0.00721288190674236,0.109908121889591,0.578022222870918,0.00018585033144804,0.920787647271193
